run_id,execution_time_seconds
1,0.12166583599992009
2,0.1066710149998471
3,0.10201691799989021
4,0.10773051399996803
5,0.11722751600018455
6,0.11163706699994691
7,0.15891927400002714
8,0.10682948899989242
9,0.10355978000006871
10,0.10567362500000854
11,0.1118555699999888
12,0.11659808299987162
13,0.10539750299994921
14,0.12229534400012199
15,0.10196289000009529
16,0.10222211400014203
17,0.10112843199999588
18,0.10670850600013182
19,0.13503026600005796
20,0.10424029199998586
