run_id,execution_time_seconds
1,1.1639134739998553
2,1.1878494410002531
3,1.126979915999982
4,1.1288373039997168
5,1.13066554299985
6,1.1400101620001806
7,1.1121003640000708
8,1.1793559730003835
9,1.154619652999827
10,1.1481236729996454
11,1.1461613700003
12,1.2269044280001253
13,1.1167788189995917
14,1.1393102519996319
15,1.105536476999987
16,1.10836392300007
17,1.075119592000192
18,1.0809994030005328
19,1.214063872999759
20,1.1058363279998957
