run_id,execution_time_seconds
1,0.011368004999894765
2,0.01223127100001875
3,0.01033299899972917
4,0.01287030700041214
5,0.009214479999172909
6,0.011680570999487827
7,0.00994971800082567
8,0.010106485000505927
9,0.011268518000179029
10,0.009969288999855053
11,0.009483944999374216
12,0.009226778000083868
13,0.00929396599985921
14,0.009555585000271094
15,0.010660607000318123
16,0.009052960000190069
17,0.009240411000064341
18,0.009124481000071683
19,0.01042754399986734
20,0.009162280999589711
